Name,ORR,TYPE,Specification,HAIC_sesion,Bilobal,Over7cm,Infiltration,Arterial_enhanced,Delay_enhanced,Uniformly_enhanced,Gender,Age,Previous_treatment,HBV,AFP,ALT,AST,ALB,TBIL,WBC,LY,NEUT,PLT,PT,INR,FIB,CP_score,BCLC_stage,PVTT,VP_grade,metastatesis
Chen Zhi,1,HAIC,,3,0,1,1,0,0,0,male,58,0,1,4516,56,93,27.6,27.5,6.24,1.17,4.36,161,14.4,1.11,2.86,6,C,1,3,0
Deng Long Zai,1,HAIC,LP,2,0,1,0,1,1,0,male,53,1,1,41715.29,31,76,33.5,27.5,6.04,0.93,4.55,234,14.9,1.27,3.56,6,C,1,2,1
Feng Yong Hai,0,HAIC,,3,0,0,0,0,0,0,male,33,1,1,14.25,43,47,32.9,8.6,4.39,1.34,2.5,163,13.4,1.4,3.16,6,B,0,0,0
Gan Jing Hong,0,HAIC,,3,0,1,0,1,0,1,male,66,0,1,2.45,34,29,38.7,11.3,7.26,1.82,4.79,215,12.1,1.05,1.45,5,A,0,0,0
Gao Zhong Li,1,HAIC,,3,1,1,0,0,1,0,male,57,0,1,393.3,38,39,35.7,11.4,5.26,1.43,3.41,78,12.8,1.11,2.59,5,C,1,3,0
Han Zhen Tian,0,HAIC,,1,0,1,0,0,1,1,male,55,0,1,56182.23,36,95,34,30.2,4.95,0.94,3.38,194,14.6,1.25,3.79,6,C,1,4,0
He Hui Biao,1,HAIC,,2,0,0,1,0,1,0,male,67,2,1,17.59,32,32,31.5,7.2,7.38,2.72,3.09,146,12.5,1.08,2.28,6,C,0,0,1
Hu Ming Liang,1,HAIC+PD-1,PD-1,3,0,1,0,1,0,1,male,58,0,1,2.31,500,311,29.1,73.9,7.72,4.84,1.89,164,14.8,1.26,2.38,8,C,1,2,0
Hu Qing Jun,1,HAIC,,2,1,0,0,0,1,1,male,50,1,0,64.6,9,24,30.4,15.9,5.04,0.85,3.71,239,14.3,1.24,5.83,6,C,1,3,1
Huang Xue Cong,1,TACE+HAIC,LP+GS,3,1,1,0,1,0,1,male,65,0,1,151,55,96,27.7,42.7,4.2,1.03,2.58,343,12.1,1.03,2.92,8,C,1,0,0
Jiang Shui Quan,0,TACE+HAIC,LP+GS,3,1,1,1,1,0,0,male,37,1,1,31022.93,63,88,37.4,10.5,3.11,1.09,1.51,109,11,0.95,3.32,5,C,1,4,1
Lai Shen,0,HAIC+PD-1,LP,3,0,0,0,1,0,1,male,66,2,1,8.32,16,21,36.8,22.9,4.78,0.98,3.32,72,12.7,1.08,2.38,5,B,0,0,0
Li Jin Quan,0,HAIC+TKI,LP,3,0,0,0,0,1,0,male,45,1,1,53.65,35,34,39.7,16.5,6.02,1.6,3.24,99,13.2,1.12,2.62,5,C,1,2,1
Lin Zhen Qiu,1,HAIC,LP,2,0,1,0,1,1,0,male,53,1,1,41715.29,31,76,33.5,27.5,6.04,0.93,4.55,234,14.9,1.27,3.56,6,C,1,2,1
Liu Li Jin,1,HAIC+PD-1,,2,0,1,0,1,0,1,male,52,0,1,1.41,38,57,38.1,18,7.08,2.32,4.06,201,12.5,1.06,3.27,5,B,0,0,0
Liu Xi Kun,1,HAIC+PD-1,PD-1,3,0,1,0,0,0,0,male,38,0,1,2490.41,62,157,26.3,34.2,6.65,1.47,4.16,226,14.8,1.26,3.59,7,C,1,3,0
Mu Ming Sheng,0,HAIC,,1,0,1,1,0,0,0,male,46,0,1,8.42,76,97,26.4,221.4,5.04,0.89,3.37,199,12.3,1.04,4.88,8,C,1,4,0
Shao Wei Guang,0,HAIC,,1,0,1,1,1,1,0,male,37,0,1,2.92,158,115,38.7,94.1,11.87,1.56,8.69,301,13.2,1.04,3.32,7,C,1,0,0
Tan Ai De,1,HAIC+TKI,,3,0,1,1,0,1,0,male,64,0,0,1588.29,62,104,33.1,10.4,11.32,1.52,8.19,189,13.7,1.2,4.75,6,C,1,2,1
Wan Guo Hong,1,HAIC+PD-1,,3,0,0,1,0,0,0,male,65,1,1,1671.62,74,44,39.5,10.7,5.65,1.16,3.83,132,11.6,0.98,1.55,5,C,1,3,1
Wang Hong Chang,1,HAIC,,2,0,0,0,0,0,1,male,54,0,1,280.74,109,166,28.2,15,4.24,1.12,2.55,91,13.8,1.17,3.03,6,C,1,4,0
Wang Ming Heng,0,HAIC,,3,1,1,1,1,1,1,male,33,1,1,14.25,43,47,32.9,8.6,4.39,1.34,2.5,163,13.4,1.4,3.16,6,B,0,0,0
Wang Xiao Shu,1,HAIC+TKI,,3,0,1,1,0,1,0,male,64,0,0,1588.29,62,104,33.1,10.4,11.32,1.52,8.19,189,13.7,1.2,4.75,6,C,1,2,1
Xu Zi Shan,1,HAIC+PD-1,PD-1,3,1,0,1,0,1,0,male,33,0,1,18620.7,73,72,41.1,22.5,4.5,1.4,2.6,147,11.7,0.99,3.25,5,C,0,0,1
